"mngsupport","oneonones","Unit"
0.599348161073797,3.54002604774245,"Unit A"
0.743388232760153,2.654213391081,"Unit B"
0.637916995028076,3.57426516150194,"Unit B"
0.689255948656199,0.43055172137069,"Unit C"
0.725815530205727,0.695492420811827,"Unit C"
0.622175509324604,3.43548987968534,"Unit A"
0.735665886582642,3.67829427365768,"Unit B"
0.735057140487034,2.01502372293195,"Unit C"
0.65744661236548,3.46717975874635,"Unit B"
0.635855454384348,3.59583970360642,"Unit B"
0.661262019689048,0.0429182066185447,"Unit C"
0.650036804818082,3.7188344802837,"Unit B"
0.667755558297172,2.06580289350759,"Unit B"
0.648433871114194,3.15854241868712,"Unit B"
0.631340707697994,4.05008184810791,"Unit A"
0.755821213289611,2.29316075906009,"Unit C"
0.588645782565188,3.24674222873914,"Unit A"
0.604594456426656,3.13378562512173,"Unit A"
0.645361089725953,3.17767901469736,"Unit A"
0.75811265207599,1.04172872038137,"Unit C"
0.812711040657829,2.50847597677133,"Unit C"
0.719669431028257,2.84662149089381,"Unit B"
0.683487538044209,3.47296562765573,"Unit B"
0.758023196994906,1.14232797591542,"Unit D"
0.738295716628848,3.09127243322275,"Unit B"
0.79860913325193,3.63293780671308,"Unit B"
0.6737263827828,2.83236538750986,"Unit B"
0.663981266912795,2.16901064208329,"Unit B"
0.650114542547534,3.16219203960742,"Unit A"
0.612885244553003,2.3908331595573,"Unit A"
0.712650321222066,1.8343817567791,"Unit C"
0.773243152058287,2.82840812927549,"Unit C"
0.707273385204352,2.16697702840588,"Unit B"
0.730212781216743,2.61229369966225,"Unit B"
0.598357807020355,2.29401725834115,"Unit A"
0.657901024404072,3.02467890980425,"Unit B"
0.670724283592199,2.57474791850537,"Unit B"
0.673051576351731,4.22689735571206,"Unit A"
0.587539412230971,2.37319051243977,"Unit A"
0.598034705370182,2.56682007042143,"Unit A"
0.643342718550629,4.43720339387473,"Unit A"
0.644300807029321,3.59430999528538,"Unit B"
0.648075947132022,2.64579732297702,"Unit B"
0.65629353515131,4.04788104205274,"Unit B"
0.660313777191751,3.38906050964813,"Unit A"
0.609752464686374,2.67843554741613,"Unit A"
0.648897019765408,2.72052106712696,"Unit A"
0.705423177758048,3.83590865108993,"Unit B"
0.622621091560807,2.22472069349898,"Unit A"
0.725082548645637,1.18167507499902,"Unit C"
0.514191609677463,3.13362092908088,"Unit A"
0.671306563403874,3.12747901605246,"Unit B"
0.671991869510751,2.47970556038663,"Unit B"
0.62337808210909,2.88533922220816,"Unit A"
0.641984900961455,3.36334512663527,"Unit B"
0.586651929550158,2.27617364234614,"Unit A"
0.523268610941499,2.36372925323927,"Unit A"
0.758362648738039,3.02871351814651,"Unit B"
0.793448256588029,2.2161522152441,"Unit C"
0.64273014319341,2.05040232456897,"Unit B"
0.626001432682433,2.31410823066462,"Unit B"
0.627436213263265,3.3638613395143,"Unit A"
0.655267273647062,1.6927058728435,"Unit B"
0.633432886033984,2.71166995399093,"Unit A"
0.65115833597273,2.32425836459013,"Unit B"
0.636768086235021,2.94963448660749,"Unit B"
0.690970851906052,2.51238809096656,"Unit B"
0.74518850095239,2.93679020097222,"Unit B"
0.698524611232895,2.50566515047741,"Unit B"
0.673187205390257,2.61901948346028,"Unit B"
0.719123367264193,1.90668750225868,"Unit B"
0.691117554864696,2.92770234785835,"Unit B"
0.75904504110058,2.57217424399336,"Unit B"
0.559405782813024,2.087146224048,"Unit A"
0.662142659106118,2.89425905322085,"Unit B"
0.663022470646494,2.80501388086907,"Unit A"
0.691435728259738,2.94268493102016,"Unit B"
0.626116390280494,2.56679995253732,"Unit B"
0.68176103953216,3.11882052288868,"Unit A"
0.622144228136432,3.0471741906179,"Unit A"
0.679059330642074,2.81079122345695,"Unit A"
0.743058901864978,3.16240162731084,"Unit B"
0.671812239509914,3.10025019349306,"Unit B"
0.745906991998817,2.6360327871887,"Unit B"
0.630626247784461,3.12190074026737,"Unit A"
0.676838587852903,3.39723866173197,"Unit B"
0.810052052356624,0.778323930503745,"Unit D"
0.710280235865691,0.832953146353658,"Unit C"
0.732615740265785,1.81929418209217,"Unit C"
0.645222495795094,3.94546697820626,"Unit A"
0.691485197973155,4.16081318849546,"Unit A"
0.72524479656703,3.1169097357644,"Unit B"
0.69551608634916,2.89279031972039,"Unit A"
0.693108658187459,1.98709630826447,"Unit B"
0.64016764088939,2.62852244214876,"Unit A"
0.670173052368124,3.15703160094449,"Unit A"
0.627514027616456,2.07617727870533,"Unit B"
0.641045955301669,3.35906948482628,"Unit A"
0.642252986677036,2.24900259335744,"Unit B"
0.596476584410348,3.56347748345064,"Unit B"
0.69732152708273,3.56206752068941,"Unit B"
0.527212404171514,0.957038438968647,"Unit A"
0.703958086245174,3.41897194956125,"Unit B"
0.778179410722192,3.28568218257604,"Unit C"
0.643591664799479,2.65673938442345,"Unit B"
0.769358315597425,2.27592467022396,"Unit C"
0.790742490936628,1.23955340376385,"Unit C"
0.667521413330495,3.7191111176787,"Unit B"
0.695477529407796,3.17077671902794,"Unit B"
0.646784136131115,4.33275589085493,"Unit A"
0.684776625250382,0.808491268429231,"Unit C"
0.57198099524723,3.17307425968665,"Unit A"
0.528928296782519,3.66867436354029,"Unit A"
0.765218450636109,1.6121239939746,"Unit C"
0.665355999174601,1.97370680314087,"Unit B"
0.678347511542061,1.88586504873656,"Unit A"
0.700321888126595,3.38026525923089,"Unit B"
0.767713597229045,1.04504495273122,"Unit C"
0.737291697894744,3.95689377975161,"Unit B"
0.602925713434316,2.25610889598073,"Unit B"
0.680814854710363,2.43909308193077,"Unit B"
0.700125813095988,2.00568962124326,"Unit A"
0.699084516699668,3.20567222226465,"Unit A"
0.647656478423455,3.19563024079227,"Unit A"
0.688724994830945,3.06229112045138,"Unit B"
0.766538953612971,1.71309769412615,"Unit D"
0.644374558817121,1.61349472724512,"Unit A"
0.618030444035468,1.8627634573932,"Unit A"
0.64790992909257,3.31019452499146,"Unit A"
0.707412220225242,2.09141151719305,"Unit B"
0.685209063700978,3.88426529986452,"Unit B"
0.764644042539196,2.16659343416647,"Unit C"
0.731519538283954,2.42067757738147,"Unit B"
0.691358918061969,1.41435849201827,"Unit B"
0.646823452606287,3.02827732107493,"Unit B"
0.660904026514815,2.17317321005192,"Unit B"
0.627432427542957,2.30952284944242,"Unit B"
0.628016456338478,1.6221275679525,"Unit B"
0.78427166158941,1.41844470141624,"Unit D"
0.567332972090979,2.3498986128798,"Unit B"
0.582438511518479,2.23493670101495,"Unit A"
0.715137427090276,3.2545989169984,"Unit B"
0.547734394179196,2.73965185193882,"Unit A"
0.596978048775156,2.28728131639244,"Unit A"
0.669705408380199,1.5361715747684,"Unit B"
0.664198265290712,0.817845060288305,"Unit A"
0.659090142737114,2.47337718663799,"Unit A"
0.644065915483234,3.80077636892828,"Unit A"
0.658307929424014,3.27865004779378,"Unit A"
0.691266879858948,2.69581047738084,"Unit B"
0.700584224510133,1.63846046703638,"Unit B"
0.652806788561553,2.93066679184942,"Unit B"
0.603670230827385,1.77501952917865,"Unit B"
0.698290960553555,3.40293215578014,"Unit A"
0.660770186935539,4.87720374304349,"Unit A"
0.713243455993177,3.69573590380934,"Unit B"
0.636959029457215,2.99423459071216,"Unit B"
0.61671294942434,1.7431850091483,"Unit A"
0.703953596402555,2.04600673714494,"Unit B"
0.616944241654392,3.5306454303494,"Unit A"
0.678097883456713,2.877427677488,"Unit B"
0.682154973923901,2.82787820770526,"Unit A"
0.677354416131753,1.47533386570125,"Unit B"
0.70572308558954,2.82072185523573,"Unit B"
0.616629035623144,1.14550228688688,"Unit A"
0.64155107727986,2.75876782181859,"Unit B"
0.666765037991351,1.59917171454082,"Unit B"
0.61437220427601,2.79711921979773,"Unit A"
0.69424725302623,3.00146033396314,"Unit B"
0.689391354181827,3.48891594090751,"Unit A"
0.707315798277068,1.35452271619523,"Unit B"
0.617669699353657,2.94000567758066,"Unit A"
0.710569095905539,1.30752750836905,"Unit C"
0.725492372791045,1.59577924248242,"Unit B"
0.760188312803791,3.35981101893673,"Unit B"
0.642845582321956,2.11020132647592,"Unit B"
0.626711554673766,3.21444895195167,"Unit B"
0.710025705173324,3.55078333863949,"Unit B"
0.765909698393745,1.85126687257147,"Unit C"
0.626363780371415,2.45416653708113,"Unit B"
0.7400809224119,2.97417907162797,"Unit B"
0.640331806100355,3.2277711115997,"Unit A"
0.68694989388976,1.69732571354485,"Unit B"
0.629527743484888,1.30156393190831,"Unit A"
0.689945317470202,4.34076977856136,"Unit B"
0.668550590601111,2.57948624745491,"Unit B"
0.586953089085919,2.07743682843687,"Unit A"
0.661375047262224,3.35130798376066,"Unit B"
0.729789409517559,1.93536866115031,"Unit C"
0.734723657073613,0.875456992078559,"Unit C"
0.600225139035529,1.26091076204304,"Unit A"
0.708884873898165,1.90494692430308,"Unit A"
0.752758939806824,1.82655743279778,"Unit D"
0.675616777271256,3.41682675459476,"Unit B"
0.745698221554291,1.42379789599321,"Unit C"
0.690313926041733,2.48032396713089,"Unit B"
0.691408196286516,3.18430665219024,"Unit B"
0.708687923845586,2.47493644829568,"Unit B"
0.623272371295983,3.25777906434246,"Unit A"
0.682240020286662,2.75955289673315,"Unit B"
0.752373737515589,3.87295099216357,"Unit A"
0.724233273759643,1.20859188391904,"Unit C"
0.67485003977674,2.8011153947518,"Unit B"
0.69071086987813,3.48350846334347,"Unit B"
0.710861416051267,3.64220693155356,"Unit B"
0.735343073727518,0.503056217338003,"Unit C"
0.684414684044344,3.07992701679267,"Unit B"
0.656851931286454,3.59825285427504,"Unit A"
0.690217117577212,0.887458125311495,"Unit A"
0.664446295349945,2.09624151965343,"Unit A"
0.69917124726517,2.48415450812764,"Unit B"
0.664048912596552,4.21635587013383,"Unit A"
0.657423467059618,2.17216145550648,"Unit A"
0.669252334692034,2.86455284654827,"Unit B"
0.571314287031253,2.78692949834027,"Unit A"
0.720686339847471,2.92480504603749,"Unit B"
0.654495766617473,3.4063085034735,"Unit A"
0.665600039818171,4.26403781537037,"Unit B"
0.711722380962777,2.35662559682605,"Unit B"
0.715550199835787,0.305256358494665,"Unit C"
0.596543866120938,3.22441762484008,"Unit A"
0.739460972736229,1.86870060901987,"Unit C"
0.645368580589759,2.27576569693618,"Unit B"
0.682906868424124,2.73667814620273,"Unit B"
0.661009187126735,4.63209443207596,"Unit A"
0.644401831338562,2.68172854024928,"Unit B"
0.702648990311658,2.82433151023523,"Unit B"
0.680319524795743,3.26505518902162,"Unit B"
0.707790210783623,2.0242512905262,"Unit B"
0.702387058888652,1.79590213750744,"Unit C"
0.596816873230334,1.76216017685049,"Unit B"
0.662739885445893,2.29834248423883,"Unit B"
0.634732762596724,2.16595054437365,"Unit B"
0.600900173175036,2.9912753679963,"Unit A"
0.64825148650375,1.98308187684401,"Unit A"
0.722502694083513,3.25515898793241,"Unit B"
0.644445348760754,2.56165258448926,"Unit A"
0.645879022781292,1.91141088331306,"Unit B"
0.605986011338798,2.77701199796478,"Unit A"
0.627688923782346,1.71121679922555,"Unit B"
0.695337907643533,2.74758427308061,"Unit B"
0.697752622509418,2.22246406859444,"Unit B"
0.627347736861748,3.70411409469754,"Unit A"
0.668152306174886,2.80698790419543,"Unit B"
0.616722349241695,1.00196590090306,"Unit A"
0.634660789508201,2.31647330582355,"Unit B"
0.717494748410736,3.76782146297029,"Unit B"
0.75120140358798,1.85980894500957,"Unit D"
0.786571887149667,0.598305382537033,"Unit D"
0.636557891633815,1.38886858919779,"Unit B"
0.704131322276246,4.24086090403137,"Unit A"
0.630853130087507,2.53301201499182,"Unit A"
0.65529671010029,2.94958226849833,"Unit B"
0.704581577489055,3.50335116450345,"Unit A"
0.649835099231423,1.98360441812088,"Unit B"
0.587675372592053,1.91087866645885,"Unit B"
0.624903900051581,2.50425309008019,"Unit A"
0.649807086414168,2.57019233668601,"Unit B"
0.637952730608095,3.08735313339665,"Unit B"
0.708693099210706,0.868530176228115,"Unit C"
0.749494534774465,2.11355456774169,"Unit C"
0.754479433107814,1.92206535784848,"Unit C"
0.728215670407601,1.79877957827821,"Unit B"
0.670076656634139,1.88192589125694,"Unit C"
0.71126263227563,3.48813688658082,"Unit B"
0.678270055142692,3.68750852697683,"Unit B"
0.670468329825961,2.68574308145963,"Unit A"
0.614719469939953,3.23591406507172,"Unit A"
0.626297042817875,3.84518184791994,"Unit A"
0.636480678944411,3.92977970853147,"Unit B"
0.729858834128293,2.45437505245052,"Unit C"
0.715104816911212,3.38014674296212,"Unit A"
0.647749168577127,3.1198137930263,"Unit A"
0.692697120933574,2.47678624027379,"Unit A"
0.745466623669394,2.63158390085841,"Unit B"
0.693996630683498,1.71122671302784,"Unit B"
0.789431169591639,0,"Unit D"
0.697917021749937,3.42046113755795,"Unit B"
0.542045650225972,3.04670216537137,"Unit A"
0.648350369115173,2.37578399434342,"Unit B"
0.660616856842106,2.53410478683923,"Unit B"
0.669547373788839,4.07142113223011,"Unit A"
0.705917976888522,3.13230642369293,"Unit B"
0.637597617679618,1.90651209568057,"Unit A"
0.606757944838756,4.90785364460055,"Unit A"
0.678678695544844,4.11906087200189,"Unit B"
0.706987233954729,4.24880175559761,"Unit A"
0.645388122348515,0.885560446397873,"Unit A"
0.726592050224256,4.47197783100506,"Unit A"
0.690738623356057,2.3390072292723,"Unit B"
0.624362801990011,2.6708386225592,"Unit A"
0.654255800365356,4.28298682372013,"Unit A"
0.672750261342262,2.87400821763165,"Unit A"
0.717439043764707,1.68983191218332,"Unit C"
0.751557745158435,3.02385493741508,"Unit B"
0.650428618464896,2.82796032452968,"Unit B"
0.778805971983721,1.7315677815325,"Unit D"
0.638096137429221,4.33789223936104,"Unit A"
0.674103829822025,2.84829208498281,"Unit A"
0.707346061621556,2.50680123289491,"Unit B"
0.635050657910798,0.966667784200503,"Unit B"
0.675350877426893,5.1410347414203,"Unit A"
0.693515429244848,2.06727472167531,"Unit B"
0.711737445426881,3.88727849210936,"Unit B"
0.692833306057894,3.25027901374152,"Unit B"
0.65362573052877,3.99154292650219,"Unit B"
0.594151820967958,1.58705706487669,"Unit A"
0.687829731803819,3.17311606548873,"Unit A"
0.724375521413697,3.14793170643251,"Unit B"
0.707875210774182,2.89310502330411,"Unit B"
0.653428542062462,2.93496919243803,"Unit B"
0.625203601470628,3.65676914956115,"Unit B"
0.650918392000605,2.24639454459532,"Unit B"
0.62670654454561,1.54782586197594,"Unit A"
0.6167845966822,3.16028312510612,"Unit A"
0.6459336928251,2.71852657982228,"Unit B"
0.712215593469694,2.76735776460014,"Unit B"
0.686223269941215,2.27598063473064,"Unit A"
0.664237602187544,1.09515402521504,"Unit A"
0.71787595678044,1.97263725154743,"Unit C"
0.671876323376923,2.99118120586175,"Unit B"
0.603034755961658,3.34016589497864,"Unit A"
0.648326707078466,3.42207620445118,"Unit A"
0.723214789329494,2.16968486150462,"Unit B"
0.595160287837538,3.86845178459687,"Unit A"
0.636080093659368,2.79385261597859,"Unit A"
0.776892185818354,0.822593630275007,"Unit D"
0.640139405813195,2.83997151340938,"Unit A"
0.569624359828764,1.60723026638529,"Unit A"
0.697550736708392,1.91587672900464,"Unit C"
0.683784965262001,4.2077423882037,"Unit B"
0.651240613501718,2.69642916840974,"Unit A"
0.717054728006111,2.19735268050111,"Unit B"
0.730609768698262,2.67720252634552,"Unit B"
0.685190984818372,3.24310005854066,"Unit A"
0.667553925945978,3.52974139815783,"Unit B"
0.755279410225111,2.95078399515201,"Unit B"
0.684003939692007,2.37642601393855,"Unit B"
0.660359509248434,1.62522760600212,"Unit B"
0.795507148483974,0.261199351394084,"Unit D"
0.711474986397985,2.63394842049285,"Unit B"
0.636905085825032,3.51678829101057,"Unit A"
0.625550248240894,1.7643910159225,"Unit B"
0.576620396460572,1.37970240189406,"Unit A"
0.710561716206856,2.59523355449658,"Unit B"
0.690622701690813,3.26285942211546,"Unit B"
0.797747920633188,0.51894067865147,"Unit D"
0.674338183278907,3.57646019995578,"Unit B"
0.703492396147417,2.74108711547008,"Unit A"
0.644935421446025,2.9029655651519,"Unit B"
0.658103391274939,4.23382511621026,"Unit A"
0.760674574610892,1.34819459683746,"Unit D"
0.586856867021749,2.72761851561207,"Unit B"
0.604572865202711,1.89817294024785,"Unit A"
0.68682692400178,3.42408108606322,"Unit B"
0.816228630069841,1.32776035805497,"Unit D"
0.635031961250474,1.95559762519769,"Unit B"
0.643870854369535,3.55636671586994,"Unit B"
0.70974918933326,3.7855828564863,"Unit A"
0.699381746848584,2.55068229259065,"Unit B"
0.623887869727021,3.70427468531786,"Unit A"
0.625911183485932,2.9281584591496,"Unit A"
0.765131001563281,3.11446544525527,"Unit C"
0.620468099604356,2.82439856797762,"Unit A"
0.672087612921945,2.91082898252056,"Unit B"
0.64570372265807,0.777314849679821,"Unit B"
0.600715022674674,1.20226643248532,"Unit A"
0.47974147581961,2.98243844300275,"Unit A"
0.738054817652805,3.14305022889567,"Unit B"
0.736408544714925,3.18800454435444,"Unit B"
0.648377189333894,3.53490470416635,"Unit B"
0.625263692569767,1.73592201353753,"Unit A"
0.768621719513962,2.51139207552418,"Unit C"
0.684358911317101,2.42470126674251,"Unit B"
0.659572495557283,2.24194578042922,"Unit B"
0.655517055190663,0.954977955602808,"Unit C"
0.804663572619697,2.8475113062861,"Unit B"
0.609410109222543,2.10570354146109,"Unit A"
0.677186023245226,2.24430847660464,"Unit A"
0.783591462243177,0.930315428288056,"Unit D"
0.652723747128792,2.63465240856272,"Unit B"
0.66132496814402,2.14009257003377,"Unit B"
0.587129749527122,1.83164461008927,"Unit B"
0.702655500423313,1.62973517506157,"Unit B"
0.607867321951929,2.09316140673294,"Unit B"
0.768548139233819,2.40931168861751,"Unit C"
0.622641253073275,2.20734620367326,"Unit A"
0.623638648370864,2.79961100320008,"Unit A"
0.554651161331686,3.67142619895084,"Unit A"
0.631181802637362,3.03170758647084,"Unit A"
0.717270228884413,1.28164297195833,"Unit D"
0.580052794651009,1.02101804734259,"Unit A"
0.633287069957005,1.85326689033533,"Unit B"
0.633181256336803,2.4105171495646,"Unit B"
0.583207846589365,3.28711320234476,"Unit A"
0.708701596582786,2.5716972790912,"Unit A"
0.641138677093032,3.58753289697053,"Unit A"
0.633077407218301,2.26308026134455,"Unit A"
0.64664890614656,4.29540883915894,"Unit A"
0.758442667908695,1.51470809390897,"Unit D"
0.780384509045401,1.0842563911259,"Unit D"
0.610882063791118,3.82916667176418,"Unit A"
0.723935513280809,2.40356863747959,"Unit C"
0.687822368749978,4.04066074351609,"Unit B"
0.683552438206456,2.99273968623943,"Unit B"
0.679240661360939,3.36978436950804,"Unit B"
0.684397924122453,2.31266552798912,"Unit B"
0.629303942187665,4.4502850020243,"Unit A"
0.660878352537222,0.972302480112743,"Unit A"
0.769361695396272,3.85296359708358,"Unit B"
0.583293477326547,3.21259983260078,"Unit A"
0.629350573820622,1.44550996141433,"Unit B"
0.613611593719964,2.94562102345353,"Unit A"
0.719494214599788,3.10509771707376,"Unit B"
0.692633551504881,4.45763011006078,"Unit A"
0.636453046792723,2.67288782843723,"Unit A"
0.760205386066736,1.82850783682108,"Unit C"
0.593216311155367,1.30452343786966,"Unit A"
0.598089495923492,2.4600376929426,"Unit B"
0.612273621156438,3.39604296501614,"Unit A"
0.757618500022961,4.63778109210497,"Unit B"
0.676470272254824,1.18985558515857,"Unit B"
0.695029381974608,3.73206856586405,"Unit B"
0.587863713875791,1.9931742661495,"Unit A"
0.756474034854182,2.79890877495432,"Unit C"
0.576098110135722,2.28604892969576,"Unit B"
0.588223843044543,3.25401259939086,"Unit A"
0.645573277874635,2.3113034649342,"Unit B"
0.620003594257727,2.37375629684076,"Unit A"
0.846173047146214,2.68285077938444,"Unit C"
0.728775159877054,2.98026517410738,"Unit C"
0.689943193001492,3.51967790425382,"Unit B"
0.728783634177441,4.60390490792692,"Unit A"
0.83347258477398,1.89472775544073,"Unit D"
0.655716018874444,3.10558506859421,"Unit A"
0.65562204494951,3.31549778379674,"Unit B"
0.568493473553748,3.43182934083927,"Unit A"
0.735239752835312,2.89369007309187,"Unit B"
0.653484301267963,4.95876967087935,"Unit A"
0.584183908597594,2.64137083390727,"Unit A"
0.668407696453424,2.29722369602215,"Unit A"
0.662356495483847,2.35042434472514,"Unit B"
0.657359318395935,1.98967206624677,"Unit B"
0.638773143963027,1.461285301393,"Unit A"
0.710185714264528,1.98955047435053,"Unit C"
0.685979624065421,1.74381624375238,"Unit B"
0.700841635856648,2.73269902620479,"Unit B"
0.654675385365192,1.16678952793688,"Unit A"
0.65803388369998,3.75581797659925,"Unit A"
0.722685529933463,2.66808129296723,"Unit B"
0.701022276803863,2.56515476809074,"Unit B"
0.6715667166989,3.42471632448665,"Unit A"
0.637091044536417,3.15758724301732,"Unit A"
0.586610351270005,2.65133362047514,"Unit A"
0.633256925089567,3.26762347019473,"Unit A"
0.737590084115212,1.09183883616403,"Unit C"
0.646927736645207,1.87069099538125,"Unit B"
0.765530451831222,2.56553521128731,"Unit B"
0.645582178849682,4.63791983278606,"Unit A"
0.591264813673676,3.59860774859909,"Unit A"
0.779239102966594,0.703015841971339,"Unit D"
0.688695081726404,3.53771751468695,"Unit B"
0.666243461962937,2.98071781069689,"Unit B"
0.646547813785669,3.27328357675943,"Unit A"
0.643288852940414,3.17748802482159,"Unit B"
0.629945587051675,4.47940880534757,"Unit A"
0.59808760501859,0.979999358153688,"Unit A"
0.676689025267777,2.43899162201403,"Unit B"
0.675049275929693,1.41312690313032,"Unit A"
0.770065502471758,2.75040251551636,"Unit B"
0.650236834734889,4.26136086143047,"Unit A"
0.741633273747072,3.2955137484437,"Unit B"
0.624879927021065,1.78544825020795,"Unit B"
0.717047941224127,2.63762157432242,"Unit B"
0.684769131728897,3.38959490762064,"Unit B"
0.67790499532163,2.74794915345971,"Unit B"
0.65338401429974,2.87652554461806,"Unit B"
0.605031752087612,3.86361397504347,"Unit A"
0.648296347152011,2.96485848076195,"Unit A"
0.697005767927456,2.79837946119141,"Unit B"
0.667051824211103,4.25160846271378,"Unit A"
0.675132207706675,2.31389158166651,"Unit B"
0.702859324049901,1.78718339784931,"Unit A"
0.749685230040416,3.95942049176859,"Unit B"
0.73246773333428,2.01235492512582,"Unit C"
0.579314503550423,3.299410146028,"Unit A"
0.621302423228792,2.39721747349645,"Unit A"
0.679149785468855,2.37653071844106,"Unit B"
0.64270304333534,2.87068121146722,"Unit B"
0.715787599841519,2.36767603684726,"Unit B"
0.803546741637801,0.734321406127112,"Unit D"
0.531229259179013,3.4346146261604,"Unit A"
0.719966347364583,2.55256242369489,"Unit B"
0.654303183489476,2.23808477212349,"Unit B"
0.635604139168863,3.71398479185438,"Unit A"
0.798661551094299,1.76903546616548,"Unit D"
0.645196192443313,2.60041196921284,"Unit A"
0.521165922755084,1.58662484923844,"Unit A"
0.657835531613853,1.83676141258171,"Unit B"
0.693513900196897,2.08314493796418,"Unit B"
0.690604458096806,3.32916926456528,"Unit A"
0.603129556899105,2.58961098533285,"Unit B"
0.760156738565117,4.11540730662069,"Unit A"
0.647164424743795,2.65679762824118,"Unit A"
0.586383702928481,2.23844148808482,"Unit B"
0.641329769313847,3.16378867077123,"Unit A"
0.597415765570226,2.37128637893191,"Unit B"
0.671745782706878,3.11111504481788,"Unit B"
0.764051598740389,1.88658108701546,"Unit C"
0.680988887034825,3.08489621721698,"Unit A"
0.599704475469261,1.97862429892705,"Unit B"
0.662734034123789,4.3419499434061,"Unit A"
0.70553617405487,1.93550867646789,"Unit C"
0.643879282216522,2.10649016960918,"Unit B"
0.671278529829296,2.98322353346948,"Unit B"
0.590025312560193,2.50528389415993,"Unit A"
0.752492221487818,4.47637583469065,"Unit B"
0.740596609805746,2.47452220717345,"Unit B"
0.58124649655043,2.32377808818089,"Unit A"
0.702322643797907,2.43623110200749,"Unit B"
0.652327763861632,2.43655352032188,"Unit A"
0.659678336504502,1.83428412649525,"Unit B"
0.622797691012212,2.12707273018754,"Unit A"
0.604457987752489,3.38240380044609,"Unit A"
0.606921197736334,2.64154712217181,"Unit B"
0.701287373222982,2.4095755435651,"Unit B"
0.704369207927335,0.393054094858039,"Unit C"
0.519749919686104,1.67187180287359,"Unit A"
0.761314608933586,0.399248308363642,"Unit D"
0.657946307042729,2.45544661859033,"Unit A"
0.731386472973083,1.03809637211536,"Unit C"
0.659947199837786,1.8654680280967,"Unit B"
0.656502708305662,3.06252795014227,"Unit B"
0.721888688052563,2.16914105643207,"Unit B"
0.645497732663792,4.13124888777811,"Unit A"
0.77868707377553,3.84290104237566,"Unit B"
0.68887656167233,1.22348279845235,"Unit A"
0.709370968963004,2.18014531627376,"Unit B"
0.647846810868477,2.68250750714092,"Unit B"
0.734698346225644,3.88245505284302,"Unit A"
0.725259636946572,1.88459476163362,"Unit B"
0.652821141156867,3.12572669952879,"Unit A"
0.65569818054673,2.87606958781038,"Unit B"
0.639764899938982,2.82586435285628,"Unit A"
0.753387956052532,3.42896162281544,"Unit B"
0.73386877209132,2.1681912349231,"Unit C"
0.550734859824596,2.82512874200561,"Unit A"
0.740430685947728,2.66425101997455,"Unit B"
0.65203519306246,2.23884742805523,"Unit B"
0.694592486036466,3.21116138617661,"Unit B"
0.677509250298127,1.72942333354894,"Unit A"
0.716435677094571,3.36406701917784,"Unit A"
0.594600792517087,2.15108120411501,"Unit B"
0.736402677427422,1.40489393759306,"Unit C"
0.645605566285219,2.8529331415243,"Unit B"
0.580471093515577,2.37738754957603,"Unit B"
0.728528352034033,1.71232113796113,"Unit B"
0.711315840710394,3.00020064639578,"Unit B"
0.664083502725286,2.92746518920639,"Unit B"
0.610759711094722,2.04089343061581,"Unit A"
0.634401249521268,3.91813090687604,"Unit A"
0.725054702500757,1.89683082603473,"Unit C"
0.738765567314576,3.91369414594562,"Unit B"
0.666225399972462,3.31715341317259,"Unit A"
0.682607124738129,2.09002468512639,"Unit B"
0.797489008741858,4.15648588126447,"Unit B"
0.696105951065985,4.81561508037449,"Unit B"
0.653502349313798,1.59846354489696,"Unit B"
0.733879765004383,3.31039888787833,"Unit B"
0.73963320379559,1.60321824743389,"Unit C"
0.590535677250769,3.13079362987658,"Unit B"
0.77064014358027,1.88270154972429,"Unit C"
0.627167085754316,2.20789632989749,"Unit B"
0.644695342422158,3.19355684005138,"Unit B"
0.82503689230364,2.85193826507068,"Unit C"
0.740727723777129,2.27019586266898,"Unit B"
0.637430307805238,2.90787823545607,"Unit B"
0.656892523785836,4.13459585644141,"Unit A"
0.682543648577123,3.58387878638251,"Unit B"
0.634051059103424,1.96165837096975,"Unit B"
0.752834272870797,1.88334756418257,"Unit C"
0.738842405465746,3.42792431207487,"Unit B"
0.700637351625158,3.2761597156748,"Unit B"
0.663853850198061,3.27913757854367,"Unit B"
0.747428356797902,2.19714556758118,"Unit C"
0.561778042855501,2.59151473856327,"Unit A"
0.682376717369173,2.37507758222073,"Unit A"
0.629548883258183,1.76678352043511,"Unit B"
0.777155527309236,0.809098057325512,"Unit D"
0.679865877596679,3.60757774813507,"Unit B"
0.665226965835789,2.2875186900435,"Unit B"
0.585715098255454,3.27273102683471,"Unit A"
0.791463244388754,1.37365115612558,"Unit D"
0.632483589338937,3.91974530903671,"Unit A"
0.608897545420543,5.19354674039005,"Unit A"
0.725519334881959,1.08659479812044,"Unit C"
0.720566875725384,3.39772247766318,"Unit B"
0.662302281187266,2.66974168495547,"Unit A"
0.684383319022589,1.57163529983944,"Unit C"
0.601851280321938,3.23748281620891,"Unit A"
0.59298916865838,2.1552373070486,"Unit A"
0.647679206911554,1.53812028758287,"Unit B"
0.64108290780394,2.00138953983296,"Unit A"
0.561786458471943,3.08135239354137,"Unit A"
0.603849005065641,2.70436091411745,"Unit A"
0.75724292457583,2.58581588064623,"Unit B"
0.636715087310161,1.60061936611353,"Unit A"
0.757175680129099,2.67438789361108,"Unit B"
0.608164895320522,1.32738636273924,"Unit A"
0.703146100070984,3.74917414670958,"Unit B"
0.708289759965128,3.38407600691452,"Unit B"
0.577832339952103,2.11572736745772,"Unit A"
0.601279068086225,2.96826204942473,"Unit A"
0.778232574731334,1.55709001845473,"Unit D"
0.773877886357226,3.36689497178157,"Unit B"
0.733700338898517,3.31861674428447,"Unit B"
0.724768013277592,1.34733286750335,"Unit C"
0.713509773543882,3.0856252275488,"Unit B"
0.788156094851898,1.76104910185417,"Unit D"
0.651368515518143,2.88918921809408,"Unit A"
0.689940677103496,1.11616202391423,"Unit C"
0.700300083932015,1.04404847264712,"Unit C"
0.728470328589227,2.66629505983343,"Unit B"
0.658659976384257,2.96634944342448,"Unit B"
0.738112554614927,5.15172265749056,"Unit A"
0.633826571457932,3.35250454048006,"Unit B"
0.715807432943714,2.12456596790722,"Unit A"
0.677921477717714,1.72150124428937,"Unit B"
0.662869943062495,3.17906920758069,"Unit A"
0.549526168807846,2.831839346092,"Unit A"
0.70980945057883,2.08749262762344,"Unit B"
0.745658969947341,2.70224604793891,"Unit B"
0.627552689674946,2.79869925169921,"Unit B"
0.64012962760289,2.30747610488398,"Unit B"
0.594905403993662,3.55507403357496,"Unit A"
0.695905618416473,3.49724282157888,"Unit A"
0.722856994292056,1.94963071936093,"Unit C"
0.705687540689886,2.52161170257816,"Unit B"
0.705342991639306,1.29709432933036,"Unit B"
0.645382566665753,3.43190179780441,"Unit B"
0.679849396377007,2.35966474108672,"Unit B"
0.665322782439933,1.80686456319071,"Unit B"
0.712052968446662,2.32269969267355,"Unit C"
0.645859406380655,2.72330921243008,"Unit B"
0.612354335641799,1.84286008982673,"Unit A"
0.705318564929098,4.13897824875957,"Unit B"
0.721900129846702,0.860442633270159,"Unit B"
0.603787483362309,2.97318868203735,"Unit A"
0.599901536606568,3.5464016656245,"Unit A"
0.70000171133186,2.60976343555017,"Unit B"
0.695841686182547,2.65769641015553,"Unit B"
0.745282986443189,2.01747049486131,"Unit C"
0.74411699475763,3.67446899824965,"Unit B"
0.671942130631814,3.31999595945567,"Unit B"
0.741970211183189,2.21873496067703,"Unit B"
0.734556474059615,2.32120344524464,"Unit C"
0.758802714341078,2.24771970344325,"Unit C"
0.594937746769901,2.05581455164114,"Unit A"
0.601942593833233,2.11943346487046,"Unit B"
0.58072167110958,2.82913834461466,"Unit A"
0.665711621054091,2.20021359856377,"Unit B"
0.701783649121334,1.74698089861657,"Unit B"
0.608824561279474,2.73133656447856,"Unit A"
0.671901398881861,1.53395111745506,"Unit B"
0.640608304888523,1.95930657970341,"Unit A"
0.561794488725775,2.54802184943687,"Unit A"
0.772237114938305,2.34742773525285,"Unit C"
0.708716781049927,4.39598831934922,"Unit A"
0.725080455516011,1.79128646048255,"Unit B"
0.673980091963027,3.70308235601817,"Unit A"
0.58517479067439,3.22088081139946,"Unit A"
0.613394113741946,2.96694339729858,"Unit B"
0.562720832877516,2.82664064185797,"Unit A"
0.70235363427996,2.94083388434233,"Unit A"
0.579340958592563,1.73429384988008,"Unit B"
0.637814746132062,2.60197560058422,"Unit B"
0.675036113151861,1.45952647575787,"Unit B"
0.669293192278319,2.95244252695372,"Unit A"
0.696047618154815,2.89018609065297,"Unit B"
0.657748956364052,2.67746818601198,"Unit B"
0.78892798215397,4.40276140164448,"Unit B"
0.670234927413688,2.34284077479248,"Unit B"
0.688432045330419,2.09206926524424,"Unit B"
0.700176742099053,1.92876675952708,"Unit C"
0.717404559723159,0.73877555056584,"Unit C"
0.684549376984108,3.32394706934404,"Unit B"
0.709082665694315,2.95040268027764,"Unit B"
0.725745676660733,3.47887548812423,"Unit A"
0.648091001724189,2.38594045563689,"Unit B"
0.607581298735775,1.96026798947474,"Unit A"
0.590525315108851,2.32285888136636,"Unit A"
0.655036347413472,2.5224886348719,"Unit B"
0.688628528993358,3.83907174075576,"Unit B"
0.692501716191003,4.88416171516167,"Unit A"
0.623327771192795,2.43412542048657,"Unit A"
0.633089447295781,2.78303144274549,"Unit B"
0.62460395504136,1.77891560582139,"Unit A"
0.640147020337053,2.65983320703722,"Unit A"
0.702123225999999,3.07337532692403,"Unit B"
0.60753252434141,3.77062839361853,"Unit A"
0.666406218821192,1.8991208361625,"Unit B"
0.613897320187105,2.15378496366202,"Unit A"
0.676711818286162,4.09307074875326,"Unit A"
0.7435302067434,1.38832666831043,"Unit C"
0.619157920388716,3.21914240594167,"Unit A"
0.674575507765289,2.97536611354439,"Unit B"
0.637027243170108,2.40155905154868,"Unit B"
0.627153774752934,3.38812482008254,"Unit B"
0.606866105992329,3.33501247076924,"Unit A"
0.711174865194619,3.90323300922697,"Unit B"
0.658130735667129,3.08646788139327,"Unit B"
0.667472091095532,2.80047777939324,"Unit B"
0.713003027751757,2.55196914150164,"Unit B"
0.635422193435246,1.6195591513586,"Unit B"
0.607162246015327,2.47923745856032,"Unit B"
0.673951125315633,3.33666717711962,"Unit B"
0.572264317968351,3.45807331193647,"Unit A"
0.62986429149787,4.00238302408285,"Unit A"
0.831320281284623,1.02743925782274,"Unit D"
0.58283223047615,2.15345666987242,"Unit A"
0.649383807189024,1.7258665792839,"Unit B"
0.712305278446755,2.59689902570443,"Unit B"
0.739860535723666,2.85983133522588,"Unit B"
0.749650315157911,0.916933407593534,"Unit C"
0.701125024585322,3.95585670338421,"Unit B"
0.751745373221367,2.62003264488303,"Unit B"
0.695187843772142,3.22925786206582,"Unit B"
0.672469057445416,2.40199148439818,"Unit B"
0.689579360678332,2.48094149454024,"Unit B"
0.577112245656363,2.75232336233574,"Unit A"
0.665486604856334,3.50114722367157,"Unit B"
0.733390672540646,1.37098134775356,"Unit C"
0.719583018404907,2.36827995786188,"Unit B"
0.642281441555225,0.604868471142629,"Unit C"
0.623200269213564,2.94491864030769,"Unit A"
0.655364094932219,2.43605460296569,"Unit A"
0.665543944225775,1.92482616693981,"Unit B"
0.755534032412177,1.07307752709105,"Unit D"
0.616570815631982,3.21510840756442,"Unit A"
0.593424490282867,3.32636438133237,"Unit A"
0.744027169484176,1.84508734352956,"Unit D"
0.627348614970598,2.41549410081824,"Unit A"
0.506995964021113,3.13265727375149,"Unit A"
0.676200691962202,3.92869659111597,"Unit B"
0.554598820393598,1.37314220415405,"Unit A"
0.628488329406188,2.80793506821091,"Unit B"
0.701731439474354,3.68980726824224,"Unit B"
0.684697866702864,4.68035005612504,"Unit A"
0.706796238699068,2.47445363149579,"Unit B"
0.727928129035666,1.18770184646567,"Unit C"
0.562813656954905,2.8156303476771,"Unit A"
0.603541248850718,1.99908944201083,"Unit A"
0.655979552173901,3.77719658776879,"Unit A"
0.538435653946451,2.29821512709068,"Unit A"
0.65248875339251,3.24917584852407,"Unit B"
0.716531664658671,3.40646119496361,"Unit B"
0.669616226096249,2.52916340671632,"Unit B"
0.725522609242997,2.28014150276101,"Unit C"
0.546723745837302,3.10254626110635,"Unit A"
0.632451837799133,3.38213152605565,"Unit A"
0.665855645477263,3.7101622275646,"Unit B"
0.575260779143041,2.12784397068789,"Unit A"
0.686698296951748,3.71738094450472,"Unit B"
0.691768417986003,2.69984924281436,"Unit B"
0.685157364269271,3.19913887251371,"Unit B"
0.615821031958546,3.03051772335089,"Unit A"
0.645395945554274,2.8632696079336,"Unit A"
0.703482587232308,3.1824188299443,"Unit B"
0.68149301463442,1.59099915884895,"Unit B"
0.722227727271657,2.2880003703107,"Unit B"
0.718207916087815,2.26375054782374,"Unit C"
0.62887545606741,0.989921535522339,"Unit B"
0.642293763062198,1.42698976029402,"Unit B"
0.698402747269011,1.63462542201937,"Unit B"
0.594532822646902,2.96747834031494,"Unit A"
0.664735208020883,2.65288965763475,"Unit A"
0.573858400360958,1.89864422589981,"Unit A"
0.596769861138624,1.63296330571236,"Unit B"
0.674584975541936,2.60555904991744,"Unit B"
0.748530407974275,2.125899810452,"Unit B"
0.601949257041105,3.93556423249025,"Unit A"
0.681423780435382,1.67168612725055,"Unit B"
0.650017594066247,3.8429043682403,"Unit A"
0.697014869220074,2.62844529837114,"Unit B"
0.718804592593795,2.60550868231964,"Unit B"
0.647543956928183,2.46864409281176,"Unit B"
0.627562354078792,3.86290701169297,"Unit A"
0.612372733328532,3.18832877019788,"Unit A"
0.619824405585823,0.565382237770581,"Unit A"
0.792241449053245,1.6079255294154,"Unit C"
0.734498682672388,0.505642601247965,"Unit C"
0.653049753263219,2.81387625140647,"Unit B"
0.595918282518545,2.17022883190066,"Unit A"
0.691392023650684,3.44593857967101,"Unit B"
0.744070516315868,3.01770152047155,"Unit B"
0.653066140026441,2.54916667681571,"Unit B"
0.60223005995139,3.71954630630415,"Unit A"
0.609508072123545,3.66966293172077,"Unit A"
0.683845330726339,2.49428033717725,"Unit A"
0.56057846638574,2.59760958131608,"Unit A"
0.676864744470866,3.42616070310621,"Unit B"
0.677480410415046,3.12824384086999,"Unit B"
0.613432496522729,4.41638811104628,"Unit A"
0.657492063430598,4.51231163495445,"Unit A"
0.551130711992606,2.94315567546599,"Unit A"
0.827759579984257,1.77070084099095,"Unit D"
0.627248253603364,3.40840729799673,"Unit B"
0.606996158574036,3.28784379454591,"Unit B"
0.689973595199758,2.62062475486371,"Unit B"
0.732373080104183,3.19720888651236,"Unit B"
0.571747675986338,2.26921118795812,"Unit A"
0.646651364556752,1.67077492320832,"Unit B"
0.642210383778078,2.07800064875529,"Unit A"
0.695905947265135,1.66153485540143,"Unit C"
0.691350653440042,2.42184856824518,"Unit B"
0.608334250541679,3.01776919690619,"Unit A"
0.688568821648852,3.13225441889952,"Unit A"
0.619932388818581,3.14007784058308,"Unit A"
0.72615462819118,2.81258086974256,"Unit B"
0.689701285703143,3.0585310091678,"Unit B"
0.723922955237422,3.05179164680311,"Unit B"
0.564090486223787,2.15039007659366,"Unit A"
0.652361948856088,3.92439484954302,"Unit B"
0.77186304152979,1.095964498271,"Unit D"
0.748306647767874,3.09169590971036,"Unit B"
0.610551039297896,3.36022421844502,"Unit A"
0.699772623087584,3.40151431700155,"Unit B"
0.598672083074623,2.87868800573123,"Unit A"
0.626431513434382,2.02911837198074,"Unit A"
0.678600114445628,2.30526107715262,"Unit B"
0.577520112127931,2.73671475566545,"Unit A"
0.679878351888734,2.40585094300304,"Unit B"
0.664149191816883,3.61243174152686,"Unit B"
0.712938107806475,2.30508297940261,"Unit B"
0.690847515835122,2.32988560682114,"Unit B"
0.665883748922553,2.70317011758959,"Unit B"
0.632789396266558,2.28659944544796,"Unit B"
0.652334975496563,2.33091189734114,"Unit B"
0.572656391303897,1.03269629967369,"Unit A"
0.532354883299908,1.84037685087934,"Unit A"
0.691253704012321,1.69160024481958,"Unit C"
0.683319449013796,2.20574135834062,"Unit B"
0.648003023134609,2.2467695876568,"Unit B"
0.58925696389544,1.17303395070684,"Unit A"
0.683776443804966,2.78594057121201,"Unit B"
0.700726439639183,3.80934863073736,"Unit A"
0.72171747517306,2.86721929795091,"Unit C"
0.567828882176782,2.68939612517936,"Unit A"
0.669435412064518,3.00534062565243,"Unit A"
0.611555183510847,2.97152385573508,"Unit A"
0.59804775543117,2.38279766511823,"Unit A"
0.686434256505449,2.58160628071852,"Unit B"
0.804175427474589,0.546322027946703,"Unit D"
0.650567267107308,2.34177011128756,"Unit B"
0.696754710830986,3.59028097641398,"Unit B"
0.664405701919644,2.53412159686954,"Unit B"
0.727803977587264,1.5329259325908,"Unit C"
0.571541150253288,3.09293217107702,"Unit A"
0.597742700012742,3.65736006885509,"Unit A"
0.763147463411582,2.00834273828337,"Unit C"
0.723002459846056,3.42461229090842,"Unit B"
0.599162380101179,1.83282447064638,"Unit A"
0.643352686055304,2.44301401903764,"Unit B"
0.660728365941543,2.41034355689141,"Unit B"
0.697029885146836,3.0114080077142,"Unit B"
0.76360804748029,4.13050513085571,"Unit A"
0.586862152644898,3.17181415135305,"Unit A"
0.602281321396964,3.246981727451,"Unit A"
0.692994702348763,2.53415803168231,"Unit B"
0.709696135093381,2.70685856709992,"Unit B"
0.621789605224071,4.0678414307283,"Unit A"
0.65197205788391,1.62471680021907,"Unit A"
0.658231507197059,1.29002273797023,"Unit B"
0.65879377057767,3.81749118988732,"Unit B"
0.757301883440214,1.96729661228128,"Unit C"
0.657132412362006,2.00296744760906,"Unit B"
0.572727836715933,2.67391112096671,"Unit A"
0.715968627588151,3.58630778206368,"Unit B"
0.831056037596427,3.89723777582754,"Unit C"
0.698448957326353,3.1438058723225,"Unit B"
0.598648386478339,3.43084165007969,"Unit A"
0.77457096925614,2.51774334812854,"Unit C"
0.648564757587904,1.92770326883131,"Unit B"
0.615963158031837,2.95812020143092,"Unit A"
0.728375041754832,1.27463665261244,"Unit B"
0.691745543548705,1.2686129729723,"Unit C"
0.71198707353696,3.4080915792218,"Unit B"
0.654500667964237,1.70473538421033,"Unit A"
0.571054200916535,3.20145698693404,"Unit A"
0.6219274099276,3.21934525452709,"Unit A"
